{
  "frame_id": 1,
  "timestamp": 1765331493.8465753,
  "camera_id": 0,
  "strategic": {
    "target_yaw_delta": 0.6981317007977318,
    "confidence": 86.52847705244207,
    "min_distance_ahead": 3916.32763671875,
    "grid_info": "24x32"
  },
  "reactive": {
    "yaw_delta": 0.0,
    "forward_scale": 1.0,
    "emergency_brake": false,
    "grid_info": "12x16"
  }
}